{"cameraMode":{"drawMode":0,"name":"Shaded","section":"Shading Mode"},"sceneLighting":true,"audioPlay":false,"sceneViewState":{"showFog":true,"showMaterialUpdate":false,"showSkybox":true,"showFlares":true,"showImageEffects":true,"showParticleSystems":true},"in2DMode":false,"pivot":{"x":3.7906463146209719,"y":-0.1936439871788025,"z":-2.0237083435058595},"rotation":{"x":0.0012878084089607,"y":-0.996331512928009,"z":0.08420050144195557,"w":0.015236943028867245},"size":4.850714206695557,"orthographic":false}