{"cameraMode":{"drawMode":0,"name":"Shaded","section":"Shading Mode"},"sceneLighting":true,"audioPlay":false,"sceneViewState":{"showFog":true,"showMaterialUpdate":false,"showSkybox":true,"showFlares":true,"showImageEffects":true,"showParticleSystems":true},"in2DMode":false,"pivot":{"x":-1.0464744567871094,"y":5.187572956085205,"z":-3.2727909088134767},"rotation":{"x":-0.0031604075338691475,"y":-0.9895758032798767,"z":0.1422906517982483,"w":-0.02197999320924282},"size":4.263232231140137,"orthographic":false}