{"cameraMode":{"drawMode":0,"name":"Shaded","section":"Shading Mode"},"sceneLighting":false,"audioPlay":false,"sceneViewState":{"showFog":true,"showMaterialUpdate":false,"showSkybox":true,"showFlares":true,"showImageEffects":true,"showParticleSystems":true},"in2DMode":false,"pivot":{"x":-1.3595144748687745,"y":5.476186752319336,"z":-2.919339418411255},"rotation":{"x":-0.008808184415102005,"y":-0.9907144904136658,"z":0.0792379304766655,"w":-0.11013025045394898},"size":5.311624050140381,"orthographic":false}